Link Name,Center of Mass X,Center of Mass Y,Center of Mass Z,Center of Mass Roll,Center of Mass Pitch,Center of Mass Yaw,Mass,Moment Ixx,Moment Ixy,Moment Ixz,Moment Iyy,Moment Iyz,Moment Izz,Visual X,Visual Y,Visual Z,Visual Roll,Visual Pitch,Visual Yaw,Mesh Filename,Color Red,Color Green,Color Blue,Color Alpha,Collision X,Collision Y,Collision Z,Collision Roll,Collision Pitch,Collision Yaw,Collision Mesh Filename,Material Name,SW Components,Coordinate System,Axis Name,Joint Name,Joint Type,Joint Origin X,Joint Origin Y,Joint Origin Z,Joint Origin Roll,Joint Origin Pitch,Joint Origin Yaw,Parent,Joint Axis X,Joint Axis Y,Joint Axis Z,Limit Effort,Limit Velocity,Limit Lower,Limit Upper,Calibration rising,Calibration falling,Dynamics Damping,Dynamics Friction,Safety Soft Upper,Safety Soft Lower,Safety K Position,Safety K Velocity
base_link,0.338619187290064,-0.000162910163891747,0.234771206125617,0,0,0,90.0457257239936,4.89388987338462,-0.00136474115893025,-1.05008258735402,9.8227363970549,-0.00408270410883873,11.1213786049405,0,0,0,0,0,0,package://agrobot/meshes/base_link.STL,0.666666666666667,0.698039215686274,0.768627450980392,1,0,0,0,0,0,0,package://agrobot/meshes/base_link.STL,,Chassis base-1,base_link_coord,,,,0,0,0,0,0,0,,0,0,0,,,,,,,,,,,,
left_rear_wheel_link,-6.88524348646524E-10,-0.0971549519873335,1.125871895713E-09,0,0,0,35.6042214737412,0.708004621980203,1.07770064052363E-09,6.70022802098861E-11,1.27149421818034,-1.75179561332183E-09,0.708004621897381,0,0,0,0,0,0,package://agrobot/meshes/left_rear_wheel_link.STL,0.298039215686275,0.298039215686275,0.298039215686275,1,0,0,0,0,0,0,package://agrobot/meshes/left_rear_wheel_link.STL,,Wheel 1-6,left_rear_wheel_coord,lb_axis,left_rear_wheel_joint,continuous,-0.377856904248594,0.472821,-0.1457325,0,0,0,base_link,0,1,0,1,1,,,,,,,,,,
right_rear_wheel_link,7.70649155601433E-10,0.0971550480126593,-1.07134373594775E-09,0,0,0,35.6042214737478,0.708004621982386,-1.20553451036157E-09,7.2294183370238E-11,1.27149421820327,1.66639214273336E-09,0.7080046219204,0,0,0,0,0,0,package://agrobot/meshes/right_rear_wheel_link.STL,0.298039215686275,0.298039215686275,0.298039215686275,1,0,0,0,0,0,0,package://agrobot/meshes/right_rear_wheel_link.STL,,Wheel 1-7,right_rear_wheel_coord,rb_axis,right_rear_wheel_joint,continuous,-0.377856904248594,-0.472820999999999,-0.1457325,0,0,0,base_link,0,-1,0,1,1,,,,,,,,,,
right_steer_link,0.00106983010521355,-0.058216575717977,0.0586919568981064,0,0,0,2.02221873415406,0.0237510071456577,0.000349321803548295,8.49347969022073E-05,0.00474702693466583,-0.00462206016825545,0.0198029274091733,0,0,0,0,0,0,package://agrobot/meshes/right_steer_link.STL,0.898039215686275,0.917647058823529,0.929411764705882,1,0,0,0,0,0,0,package://agrobot/meshes/right_steer_link.STL,,Front Joint-3,right_steer_coord,right_steer_axis,right_steer_joint,revolute,0.269843095751407,-0.113347500000001,-0.165163500000007,0,0,0,base_link,0,0,1,1,1,-0.5,0.5,,,,,,,,
right_front_wheel_link,-0.00178494838394699,0.0971386499534298,-1.03492078795675E-09,0,0,0,35.6042214682187,0.70819481994374,-0.0103507693932998,-1.14535353385098E-10,1.27130402010412,1.61921169599121E-09,0.70800462188146,0,0,0,0,0,0,package://agrobot/meshes/right_front_wheel_link.STL,0.298039215686275,0.298039215686275,0.298039215686275,1,0,0,0,0,0,0,package://agrobot/meshes/right_front_wheel_link.STL,,Wheel 1-9,right_front_wheel_coord,rf_axis,right_front_wheel_joint,continuous,0.00600932049673797,-0.327033293258374,0.0194310000000003,0,0,0,right_steer_link,0.0183721546209595,-0.999831217723563,0,1,1,,,,,,,,,,
left_steer_link,-7.93909673002524E-08,0.0582264056008295,0.0586919564086109,0,0,0,2.0222188316113,0.0237574260903284,9.05664891630045E-10,-2.90916636093196E-09,0.0047406081835411,0.00462284049826763,0.0198029275829883,0,0,0,0,0,0,package://agrobot/meshes/left_steer_link.STL,0.898039215686275,0.917647058823529,0.929411764705882,1,0,0,0,0,0,0,package://agrobot/meshes/left_steer_link.STL,,Front Joint-1,left_steer_coord,left_steer_axis,left_steer_joint,revolute,0.269843095751406,0.1133475,-0.1651635,0,0,0,base_link,0,0,-1,1,1,-0.5,0.5,,,,,,,,
left_front_wheel_link,-9.18307208053193E-10,-0.0971549519880449,9.47844053245106E-10,0,0,0,35.6042214743438,0.70800462196026,1.43513145970104E-09,7.81085571079474E-11,1.27149421820327,-1.47327217429804E-09,0.708004621942521,0,0,0,0,0,0,package://agrobot/meshes/left_front_wheel_link.STL,0.298039215686275,0.298039215686275,0.298039215686275,1,0,0,0,0,0,0,package://agrobot/meshes/left_front_wheel_link.STL,,Wheel 1-8,left_front_wheel_coord,lf_axis,left_front_wheel_joint,continuous,0,0.3270885,0.0194310000000001,0,0,0,left_steer_link,0,1,0,1,1,,,,,,,,,,
lidar_link,-5.55111512312578E-17,0,-5.55111512312578E-17,0,0,0,0.87856337260668,0.00145328733893972,3.061917552346E-36,5.14974347887166E-20,0.00145328733893972,-2.34952547281483E-36,0.0010776550138266,0,0,0,0,0,0,package://agrobot/meshes/lidar_link.STL,1,1,1,1,0,0,0,0,0,0,package://agrobot/meshes/lidar_link.STL,,LIDAR-1,lidar_coord,lidar_axis,lidar_joint,fixed,0.3556,0.00635000000000025,0.476885,0,0,0,base_link,0,0,0,,,,,,,,,,,,
0,7.22391839399344E-06,-0.000475137384474633,0.00243497864398173,0,0,0,1.91435201606526,0.00312084570629236,1.03835097418113E-07,2.20016415047805E-07,0.00309492725703448,5.55031448921244E-07,0.00574920281992534,0,0,0,0,0,0,package://agrobot/meshes/0.STL,0.898039215686275,0.917647058823529,0.929411764705882,1,0,0,0,0,0,0,package://agrobot/meshes/0.STL,,UR10-1/Base-1,0_co,Axis_base_0_joint,base_0_joint,fixed,-0.400240654248588,0.00634999999999925,0.437005,0,0,-1.5707963267949,base_link,0,0,0,,,,,,,,,,,,
1,0.000999697019135302,0.0685590146345417,0.0115695327417828,0,0,0,8.30725771838491,0.0290070611357098,-0.00024404396574081,-0.000162929495467449,0.0272249526419641,-0.00280761572612354,0.0271112300666375,0,0,0,0,0,0,package://agrobot/meshes/1.STL,0.792156862745098,0.819607843137255,0.933333333333333,1,0,0,0,0,0,0,package://agrobot/meshes/1.STL,,UR10-1/Size 4 Joint-1,1_co,01_ax,0_1_joint,revolute,0,0,0.032,1.5707963267949,0,-3.14159265358979,0,0,1,0,0,0,-3.14,3.14,,,,,,,,
2,0.00595545411585895,0.0116126506445609,0.0682998582790035,0,0,0,8.30725987080827,0.0290073727643984,-0.000247850514976997,-0.000155662685748835,0.0270973353687768,-0.0028072856850568,0.0272385496576121,0,0,0,0,0,0,package://agrobot/meshes/2.STL,0.792156862745098,0.819607843137255,0.933333333333333,1,0,0,0,0,0,0,package://agrobot/meshes/2.STL,,UR10-1/Size 4 Joint-2,2_co,12_ax,1_2_joint,revolute,0.00832831562652692,0.0800000000000003,0.0956380633368556,0,0,0,1,0.0867532877763207,0,0.996229826425609,0,0,-3.14,3.14,,,,,,,,
3,-1.04083408558608E-17,-0.00416892922889589,1.81521464526213E-14,0,0,0,11.5994106381345,0.221390635324574,-2.39691037070085E-16,7.42441146677217E-20,0.0175271612190965,4.69546109641302E-16,0.221390635324574,0,0,0,0,0,0,package://agrobot/meshes/3.STL,0.894117647058823,0.913725490196078,0.929411764705882,1,0,0,0,0,0,0,package://agrobot/meshes/3.STL,,UR10-1/Lower arm-3,3_co,23_axis,2_3_joint,fixed,0.00694026302210598,0.317100126418792,0.0796983861140481,0,0,0,2,0,0,0,,,,,,,,,,,,
4,0.00292499147896346,-0.00991735299883056,0.0492119262227205,0,0,0,3.60191554356692,0.00635835791698763,4.82814461029873E-05,3.97588349686826E-05,0.00594652060922831,0.000779864890495734,0.00704691386224002,0,0,0,0,0,0,package://agrobot/meshes/4.STL,0.792156862745098,0.819607843137255,0.933333333333333,1,0,0,0,0,0,0,package://agrobot/meshes/4.STL,,UR10-1/Size 3 Joint-1,4_co,23_axis,3_4_joint,fixed,-0.00349503410519483,0.295799873581208,-0.0595976068026529,0,0,0,3,0,0,0,,,,,,,,,,,,
5,-0.0106102317325918,0.00322927553978399,0.0533717831449155,0,0,0,1.25836102164551,0.0021651395517649,1.7580597700485E-05,0.000287682464723543,0.00231988477711238,7.29731063713995E-06,0.00248748931679315,0,0,0,0,0,0,package://agrobot/meshes/5.STL,0.752941176470588,0.752941176470588,0.752941176470588,1,0,0,0,0,0,0,package://agrobot/meshes/5.STL,,UR10-1/Size 3 Elbow-1,5_co,45-ax,4_5_joint,revolute,-0.000492307428193579,0,-0.00839486644433451,-3.14159265358979,0,-1.57079632679491,4,0,0.0585432848441399,0.998284871066199,0,0,-3.14,3.14,,,,,,,,
6,0.00280196613202777,-2.68941073776983E-05,1.57717442811345E-06,0,0,0,7.18112295808518,0.0068644718242191,0.00117511571246506,-6.89133291248891E-05,0.12928277854405,6.61450704935139E-07,0.129294018865426,0,0,0,0,0,0,package://agrobot/meshes/6.STL,0.894117647058823,0.913725490196078,0.929411764705882,1,0,0,0,0,0,0,package://agrobot/meshes/6.STL,,UR10-1/Upper arm-1,6_co,56_ax,5_6_joint,fixed,-0.291837593948312,0.00629617845121455,0.059433336867193,0,0,0,5,0,0,0,,,,,,,,,,,,
7,-0.0464121119843353,0.000203010500011345,0.00966279069116105,0,0,0,0.728981385244412,0.000910110083796708,6.94824779264048E-06,0.000119887081631299,0.000986344964828748,-6.12688333886314E-06,0.000877608438305994,0,0,0,0,0,0,package://agrobot/meshes/7.STL,0.894117647058823,0.913725490196078,0.929411764705882,1,0,0,0,0,0,0,package://agrobot/meshes/7.STL,,UR10-1/Size 2 Joint-2,7_co,56_ax,6_7_joint,fixed,-0.225738911568433,0.0021667094607711,-0.000127064220658946,3.14159265358979,0,0,6,0,0,0,,,,,,,,,,,,
8,0.00315312409775961,-0.047401181838342,0.00966077510150698,0,0,0,0.728996819970243,0.000986248578286713,5.82280818823239E-06,-8.3317825035149E-06,0.000910566401822428,0.000119792176007718,0.000877240479552543,0,0,0,0,0,0,package://agrobot/meshes/8.STL,0.894117647058823,0.913725490196078,0.929411764705882,1,0,0,0,0,0,0,package://agrobot/meshes/8.STL,,UR10-1/Size 2 Joint-3,8_co,78_ax,7_8_joint,revolute,-0.0540016060931738,0.00345562761776773,0.060506513291135,-1.5707963267949,0,1.5707963267949,7,-0.0655690232318667,0.997848033826643,-6.76810218960656E-05,0,0,-3.14,3.14,,,,,,,,
9,0.00124689136429368,0.0466116090791986,0.00958696238668483,0,0,0,0.728978116270464,0.000985386694798776,-1.24938780935602E-05,-1.18699355552977E-05,0.000910144612831302,-0.000119429080856919,0.000878519013700961,0,0,0,0,0,0,package://agrobot/meshes/9.STL,0.894117647058823,0.913725490196078,0.929411764705882,1,0,0,0,0,0,0,package://agrobot/meshes/9.STL,,UR10-1/Size 2 Joint-1,9_co,89_ax,8_9_joint,revolute,0.00393333875613289,-0.0549496396746462,0.0615028863029619,1.5707963267949,0,0,8,-0.00521812277108888,-0.999986301161722,0.000410711144438554,0,0,-3.14,3.14,,,,,,,,
10,0.000110377953812441,-0.000861757182314848,-0.013713304265725,0,0,0,0.430679885908856,0.000222454433732095,-5.35332309294992E-06,2.29240029064471E-06,0.000234958685531562,1.31785780318959E-06,0.000403266492681117,0,0,0,0,0,0,package://agrobot/meshes/10.STL,0.792156862745098,0.819607843137255,0.933333333333333,1,0,0,0,0,0,0,package://agrobot/meshes/10.STL,,UR10-1/Tool flange-1,10_co,910,9_10_joint,revolute,0.00933464283060605,0.0541881605289505,0.0879633457851359,0,0.0872664625997166,0,9,-0.0152507043027664,0.000125460644613228,-0.999883693375333,0,0,-3.14,3.14,,,,,,,,
gripper,0.0638506339489031,0.00656885271032123,-8.05301245021539E-06,0,0,0,0.296980282431166,0.000180646813372541,-7.06233900050708E-05,8.6579990876807E-08,0.000859855480499732,8.90712406615091E-09,0.000867121092394948,0,0,0,0,0,0,package://agrobot/meshes/gripper.STL,0.2,0.2,0.2,1,0,0,0,0,0,0,package://agrobot/meshes/gripper.STL,,Vacuum gripper-1,gripper cor,Axis_gripper_joint,gripper_joint,continuous,5.71901411399595E-05,0,0.00374956385014949,1.57079632679489,-1.48352986419518,3.14159265358979,10,0.994749647587966,0.102338276725984,-0.000125460644611053,,,,,,,,,,,,
camera1,0.022177766274157,0.00336995906468324,0.129258567218364,0,0,0,0.372606994219054,0.00112021866595854,1.71233564433347E-05,-4.97046817386124E-05,0.000383612391953193,1.61899853344199E-05,0.000894061652523148,0,0,0,0,0,0,package://agrobot/meshes/camera1.STL,0.792156862745098,0.819607843137255,0.933333333333333,1,0,0,0,0,0,0,package://agrobot/meshes/camera1.STL,,camara-1,camera_co,camera1_axis,9_to_camera_joint,fixed,0.00596351407325493,0.054192293332445,0.0551952628094936,-1.5707963267949,-1.48352986419518,0,9,0.999883693375333,0.0152507043027703,-0.000125460644611053,,,,,,,,,,,,
box,-3.48038049730048E-05,2.54782625984356E-16,0.0202301146412345,0,0,0,7.72060620410743,0.374813962548035,5.18084794476217E-17,8.21432606256597E-06,0.108114101901683,-2.25702668194321E-17,0.465535662550645,0,0,0,0,0,0,package://agrobot/meshes/box.STL,0.898039215686275,0.917647058823529,0.929411764705882,1,0,0,0,0,0,0,package://agrobot/meshes/box.STL,,tray-4,box_co,Axis_base_box,base_box,fixed,0.0696593457514061,0,0.428625,0,0,0,base_link,0,0,0,,,,,,,,,,,,
back_right_rod,0,-0.154946853706112,0,0,0,0,0.692343632758655,0.00551899047474228,-1.91978532357076E-20,-1.31993210345085E-22,9.29561669777746E-05,-4.25454738859189E-20,0.00551899047474228,0,0,0,0,0,0,package://agrobot/meshes/back_right_rod.STL,0.898039215686275,0.917647058823529,0.929411764705882,1,0,0,0,0,0,0,package://agrobot/meshes/back_right_rod.STL,,Rear Joint-1,back_right_wheel _rod,right_rod_axis,base_right_rod,fixed,-0.377856904248594,0.472821,-0.1457325,0,0,0,base_link,0,0,0,,,,,,,,,,,,
back_left_rod,5.55111512312578E-17,0.154946853706112,2.77555756156289E-17,0,0,0,0.692343632758655,0.00551899047474228,4.71784432949704E-21,-4.57812218930376E-21,9.29561669777746E-05,-5.0266866172564E-19,0.00551899047474228,0,0,0,0,0,0,package://agrobot/meshes/back_left_rod.STL,0.898039215686275,0.917647058823529,0.929411764705882,1,0,0,0,0,0,0,package://agrobot/meshes/back_left_rod.STL,,Rear Joint-2,back_left_wheel_rod,left_rod_axis,base_backleft_rod_joint,fixed,-0.377856904248594,-0.472821,-0.1457325,0,0,0,base_link,0,0,0,,,,,,,,,,,,
camera2,0.0180083766960972,-0.00123519538517971,0.130299495581829,0,0,0,0.372605182145673,0.00112475848024442,7.49631241833055E-06,-3.82036485678764E-05,0.000382704445355383,4.21798636586281E-07,0.000890427027773502,0,0,0,0,0,0,package://agrobot/meshes/camera2.STL,0.792156862745098,0.819607843137255,0.933333333333333,1,0,0,0,0,0,0,package://agrobot/meshes/camera2.STL,,camara-2,camera2 cor,camera2 axis,basr_to_camera2_joint,fixed,0.689300980496933,0.0337283352867759,0.132346593602987,0,0,0,base_link,0,0,0,,,,,,,,,,,,
